{"Perplexity": 1.0060232877731323, "Train Loss": 0.025090018374612555, "Valid Loss": 0.2627943195402622, "_runtime": 86, "_timestamp": 1634104544, "_step": 9, "_wandb": {"runtime": 114}}