{"Perplexity": 1.0048350095748901, "Train Loss": 0.014914516941644251, "Valid Loss": 0.233164168021176, "_runtime": 85, "_timestamp": 1634502690, "_step": 9, "_wandb": {"runtime": 97}}