{"Perplexity": 1.0580028295516968, "Train Loss": 0.014975594211136922, "Valid Loss": 0.2709455178119242, "_runtime": 91, "_timestamp": 1634502562, "_step": 9, "_wandb": {"runtime": 99}}